"chrom"	"start"	"end"	"MDS1"	"MDS2"
"Chr8"	39	106397	-0.0987330626734281	0.11384228162322
"Chr8"	106398	293503	0.0370702261192494	0.229211697120124
"Chr8"	293515	416139	-0.26133247440657	-0.0967146360772821
"Chr8"	416140	530719	-0.17266713245832	0.101292610309049
"Chr8"	530720	774552	0.0973504925010928	-0.185720800623957
"Chr8"	774592	976578	-0.145201753816054	-0.169884195585244
"Chr8"	976583	1085579	-0.010467699605389	0.120688950814627
"Chr8"	1085585	1199695	-0.125595453495798	-0.084203866594491
"Chr8"	1199700	1293627	0.183558696396674	0.113226607402231
"Chr8"	1293628	1387737	0.084090030937899	0.239837239180879
"Chr8"	1387742	1527820	-0.0775817756348057	-0.201400094804788
"Chr8"	1527831	1755323	0.405213167299777	-0.137370927524829
"Chr8"	1755332	1915427	0.131120114097641	-0.184546011124317
"Chr8"	1915430	2029294	-0.0142906559481556	0.152723983487572
"Chr8"	2029321	2135413	0.0947227357672202	-0.159025141163397
"Chr8"	2135414	2248576	0.0458591615889477	0.103828200582478
"Chr8"	2248579	2379928	-0.11072545175008	0.0983712152862363
"Chr8"	2379932	2498280	-0.0533649809613364	-0.18350712396442
"Chr8"	2498281	2596927	-0.0942178616226357	-0.192582754616288
"Chr8"	2596928	2703569	-0.28700988908728	-0.164668585028157
"Chr8"	2703587	2808022	0.248792619505824	0.274501849896857
"Chr8"	2808023	2929680	0.339957384573311	-0.0295479025806915
"Chr8"	2929681	3030566	0.333812503809591	-0.114919488326158
"Chr8"	3030569	3136606	0.105720586960374	0.0581571335623798
"Chr8"	3136619	3239415	0.125958081966436	-0.0190159723291029
"Chr8"	3239421	3337428	0.385108582316431	-0.0968934361601487
"Chr8"	3337435	3436331	0.328442451129958	-0.144332100605582
"Chr8"	3436346	3547134	-0.092539564291915	-0.0707519640312514
"Chr8"	3547142	3645886	0.00707197615971418	-0.156266219573531
"Chr8"	3645904	3739624	-0.20089050883031	-0.0948190054614127
"Chr8"	3739643	3839228	-0.133817111037659	0.156005720467479
"Chr8"	3839231	3955895	0.0558772883320504	0.03927224749024
"Chr8"	3955909	4082255	0.20154649003004	0.377384834873067
"Chr8"	4082258	4187385	0.125088216132257	0.21129030147711
"Chr8"	4187390	4290415	0.0268008014967518	0.234437574702688
"Chr8"	4290424	4390888	-0.149948107441531	0.12887548820024
"Chr8"	4390889	4490339	0.305151058599287	0.078713001403979
"Chr8"	4490345	4599632	-0.259330466877354	0.0206060009677612
"Chr8"	4599648	4701691	0.298487970841891	-0.140982945646378
"Chr8"	4701719	4784882	0.392953460704347	-0.157387965538496
"Chr8"	4784891	4873970	0.40375906201839	-0.179111810285448
"Chr8"	4873976	4990712	0.379300264831191	0.127631548840608
"Chr8"	4990717	5088401	-0.105400764594588	-0.00432345158984353
"Chr8"	5088406	5203386	0.232677191060636	0.0691599106934775
"Chr8"	5203389	5303350	-0.249788634019867	-0.0840695418484569
"Chr8"	5303352	5397987	-0.0441879508840328	-0.117811722577347
"Chr8"	5397988	5505237	-0.199666409560757	-0.0261651713209485
"Chr8"	5505238	5607189	0.393412892274341	-0.113032246826234
"Chr8"	5607215	5727372	0.34073587462746	-0.100359365481089
"Chr8"	5727374	5830219	-0.0855745084157526	-0.0392537495572662
"Chr8"	5830231	5938017	0.0690992310012341	0.0818076792446502
"Chr8"	5938022	6028047	0.298027126829636	0.0919544555147431
"Chr8"	6028074	6144121	0.407381118468119	-0.0964884390603159
"Chr8"	6144126	6246035	0.350823154976732	0.175298566359407
"Chr8"	6246036	6330686	0.0190323742631881	-0.18230841352185
"Chr8"	6330694	6425278	0.00638390988115689	-0.156577924903042
"Chr8"	6425303	6516838	-0.199858274079307	-0.105023725842731
"Chr8"	6516847	6609218	0.257837958498548	-0.13627440392357
"Chr8"	6609238	6783543	0.371956632277261	-0.184434999119046
"Chr8"	6783544	6878816	-0.0132802263719193	-0.1914194576713
"Chr8"	6878833	6977574	-0.191493210616421	0.0918075479636721
"Chr8"	6977588	7079202	-0.162957923749497	-0.208054141742942
"Chr8"	7079210	7172675	-0.079652374782679	0.140603162681262
"Chr8"	7172687	7264294	-0.192186228731057	0.0602746385454456
"Chr8"	7264297	7358159	-0.0853889131009117	0.0343794817391604
"Chr8"	7358174	7447987	-0.176924057300634	0.131715985716382
"Chr8"	7447993	7546973	-0.0925364473060043	0.0620676213698614
"Chr8"	7546991	7646481	-0.228968556071489	-0.0311611490404099
"Chr8"	7646487	7757708	-0.245207601263433	-0.0704886637685915
"Chr8"	7757710	7881703	0.0788828042194438	0.0551844607485549
"Chr8"	7881709	7971216	-0.131239267238249	0.153381960241587
"Chr8"	7971217	8067706	0.113389972469862	0.144954529964772
"Chr8"	8067708	8168287	-0.192426635477905	0.126657714788506
"Chr8"	8168291	8272013	-0.0330793874327124	-0.131413707634993
"Chr8"	8272019	8370868	0.197691471891377	-0.123115163204332
"Chr8"	8370869	8472342	0.055643474271519	-0.171024105052194
"Chr8"	8472350	8574974	0.0083224302283403	-0.158919919757513
"Chr8"	8575040	8694057	-0.274369316860356	-0.157204966953913
"Chr8"	8694061	8796135	-0.0897661175747819	-0.117464257818181
"Chr8"	8796138	8896735	-0.151548140847335	0.135474263253902
"Chr8"	8896739	8990937	-0.183945634635508	0.0909409077645355
"Chr8"	8990939	9095772	-0.152315745278966	0.0855127726398548
"Chr8"	9095775	9228860	-0.141463930761796	-0.146854694717419
"Chr8"	9228870	9322195	-0.25370629020171	-0.0428429638627592
"Chr8"	9322199	9414824	0.0385192099600251	0.246289429557282
"Chr8"	9414832	9511954	-0.176546087357015	0.114623399861117
"Chr8"	9512001	9612471	-0.248337926944173	0.0545237415511752
"Chr8"	9612481	9715395	0.0297813396363615	0.0807196103071603
"Chr8"	9715397	9814457	-0.145087509026274	-0.0372321811204018
"Chr8"	9814478	9916724	0.217885225694949	0.0414789395070596
"Chr8"	9916740	10028076	-0.0681444200786216	0.232304153842129
"Chr8"	10028080	10147520	-0.116253939186143	0.195776293411501
"Chr8"	10147522	10258041	-0.0952800466724361	-0.193282366337072
"Chr8"	10258050	10360050	-0.212986079260652	0.101080371008792
"Chr8"	10360053	10466498	-0.260454088734481	-0.0700146815400434
"Chr8"	10466501	10563556	-0.119130070720687	-0.206185434416991
"Chr8"	10563598	10657014	-0.0261696531414601	-0.0207169320961744
"Chr8"	10657026	10751942	0.0493628896802412	0.114491996949736
"Chr8"	10751948	10854330	-0.0993061911338625	0.0465902496618525
"Chr8"	10854331	10976149	0.241044461875287	0.190746573746436
"Chr8"	10976154	11073840	-0.242699510512239	-0.0468192944500224
"Chr8"	11073875	11169573	-0.201239537463208	0.117733459462608
"Chr8"	11169593	11277315	-0.344159173223173	-0.0607904382229124
"Chr8"	11277327	11372516	-0.197599310106762	-0.0528351532393297
"Chr8"	11372531	11464257	-0.267780167308202	-0.0821741178357241
"Chr8"	11464260	11580229	-0.164156553772265	0.0164880425602059
"Chr8"	11580232	11670802	-0.0683349204326132	0.0763002096921807
"Chr8"	11670803	11759645	-0.0796622548333365	0.0821317877137181
"Chr8"	11759647	11847726	-0.129712240811607	0.084933026241651
"Chr8"	11847751	11967184	0.291772167854301	0.0979466544622847
"Chr8"	11967185	12056008	-0.0093519813890137	-0.194594666347401
"Chr8"	12056010	12146143	0.0904480562257667	0.289223915247756
"Chr8"	12146159	12297934	-0.0779594696783497	0.207599208010288
"Chr8"	12297935	12388502	-0.0497441345140872	0.0675031325153172
"Chr8"	12388503	12533165	0.153701515414467	0.00786357458674079
"Chr8"	12533177	12615238	0.141241592131105	0.367044619014557
"Chr8"	12615239	12715985	-0.130101222254932	-0.040483154438054
"Chr8"	12715993	12802894	-0.110955954484157	-0.0664769784089562
"Chr8"	12802899	12900519	0.0569315941320576	0.0670225084289965
"Chr8"	12900520	12985350	-0.153298988437131	0.0185147934852017
"Chr8"	12985356	13087318	-0.0911148753519418	-0.0931600991806406
"Chr8"	13087331	13170745	-0.161954771009219	0.0275850063563575
"Chr8"	13170752	13263824	-0.214644064759569	0.0483857911527977
"Chr8"	13263825	13356383	-0.203652629408396	0.0709668884594375
"Chr8"	13356388	13451979	-0.0154370021207563	0.132239415475931
"Chr8"	13451984	13589598	-0.119393240490347	0.0711834967682458
"Chr8"	13589627	13793315	0.160392669249082	0.184702408770013
"Chr8"	13793318	13886460	-0.00555208930284213	0.10062703179616
"Chr8"	13886461	13999260	-0.0191124021720536	0.172433171384512
"Chr8"	13999275	14083018	0.221876021663518	-0.161790231766038
"Chr8"	14083026	14191092	0.0532525228371275	-0.0742318129035587
"Chr8"	14191094	14281694	-0.11782688082633	0.0596783660224038
"Chr8"	14281700	14375756	0.354957981025393	0.163317613654991
"Chr8"	14375758	14469231	0.111333711677218	-0.104771846646365
"Chr8"	14469241	14556645	-0.0934686695930314	-0.1647012549049
"Chr8"	14556646	14639889	0.199514047904321	-0.192367274778788
"Chr8"	14639895	14722109	0.234677145391168	-0.0725017098546287
"Chr8"	14722110	14807230	0.383623656751155	-0.187283539240791
"Chr8"	14807266	14909261	0.37943975913056	-0.17644284715997
"Chr8"	14909268	14992315	0.345035234971552	0.129438663183409
"Chr8"	14992319	15067489	0.207265770071881	0.034714833326804
"Chr8"	15067509	15151945	-0.0359517770002559	-0.206777731747828
"Chr8"	15151952	15227137	0.405307474000766	-0.107784707406679
"Chr8"	15227138	15452708	0.361177118725417	-0.0956661284844908
"Chr8"	15452710	15613131	-0.156891637905786	-0.0891616805546322
"Chr8"	15613140	15704576	0.0166227727195603	-0.118230161721986
"Chr8"	15704654	15794592	0.372822263005114	0.0349879707063625
"Chr8"	15794604	15880012	0.236864830159769	0.3213191387649
"Chr8"	15880018	15965300	0.320904455336944	0.380779634925233
"Chr8"	15965302	16044392	0.127232532451971	0.202724174567329
"Chr8"	16044394	16186387	0.101734651840463	0.197626351654613
"Chr8"	16186416	16263223	-0.0152096073329476	-0.143330229955648
"Chr8"	16263233	16353993	0.26367091464429	-0.0934154749313999
"Chr8"	16354001	16433296	0.356271054692477	-0.0357172372727667
"Chr8"	16433337	16535784	0.327996817706654	-0.191137002365804
"Chr8"	16535798	16667756	0.0117703479889044	0.257524208179794
"Chr8"	16667759	16755376	0.295077356014641	0.140558961793209
"Chr8"	16755378	16840738	0.0448553013702762	0.0708755874190025
"Chr8"	16840742	16930698	-0.0256065152779122	0.267612765953581
"Chr8"	16930717	17054404	0.024527679166719	0.185474874292007
"Chr8"	17054405	17153950	0.193069624837375	0.235781333927262
"Chr8"	17153952	17279126	0.323877680399451	-0.0708968499463657
"Chr8"	17279131	17440767	0.377522088200721	-0.0887281335274148
"Chr8"	17440771	17519622	0.252111255939911	0.0718994183964002
"Chr8"	17519624	17642044	0.387073738802556	0.0162752222079349
"Chr8"	17642054	17720150	0.380015977158651	-0.030944598406614
"Chr8"	17720152	17819305	-0.0593451980321751	0.176513605319717
"Chr8"	17819312	17891652	-0.087122703249509	0.0656740055202175
"Chr8"	17891653	17971925	0.0985354354122787	0.367857276637605
"Chr8"	17971932	18037828	0.357175707434845	0.375520801246135
"Chr8"	18037835	18119185	0.233850708025751	0.22584140855151
"Chr8"	18119186	18191330	0.09173951060547	0.36015400132397
"Chr8"	18191331	18303083	-0.12659741899385	0.0106714089324794
"Chr8"	18303088	18397761	0.211402191948174	0.156723800099345
"Chr8"	18397774	18480190	0.105701764938223	-0.00210985166989516
"Chr8"	18480191	18597618	0.0686925885332784	0.141212600303114
"Chr8"	18597628	18678037	-0.147766106975707	0.0572753636300898
"Chr8"	18678041	18769066	0.375931007379	-0.0413793796242343
"Chr8"	18769072	18842002	0.34138634514947	-0.0731812424306479
"Chr8"	18842011	18925218	0.25500368669073	-0.144307552810073
"Chr8"	18925220	18994519	0.296628546166893	-0.0873940354530974
"Chr8"	18994520	19170966	0.300024708247709	0.109372333677348
"Chr8"	19170967	19266504	0.158574301830597	0.147246444241542
"Chr8"	19266509	19372882	0.296483590184682	0.0670482815304738
"Chr8"	19372884	19500300	0.169902692963787	-0.181165410788822
"Chr8"	19500301	19689659	0.314156839054737	-0.0914966246094355
"Chr8"	19689662	19758884	0.298986297267983	-0.0805875223985316
"Chr8"	19758889	19873016	-0.0766342960023291	-0.143468936457205
"Chr8"	19873027	19943192	-0.0984224588926828	-0.133612398477968
"Chr8"	19943196	20012233	0.342760984396932	0.0865570891565804
"Chr8"	20012234	20098355	0.107236350296989	-0.105291196759247
"Chr8"	20098359	20394673	0.328510585828328	0.0405311146311335
"Chr8"	20394674	20507849	0.369677877969305	-0.144136630256662
"Chr8"	20507861	20651060	0.0448935863159316	0.0779609196329211
"Chr8"	20651091	20742393	-0.0247907076088596	-0.141275678246143
"Chr8"	20742394	20837698	0.275217758867929	-0.10128140729798
"Chr8"	20837704	21007118	0.00174670322373788	0.137500201723563
"Chr8"	21007120	21152824	-0.0767921263695083	-0.164754275401414
"Chr8"	21152839	21230351	0.284271060913955	0.039427247613076
"Chr8"	21230371	21293990	0.0789416909172826	0.204197559951719
"Chr8"	21293994	21365586	0.339324518982316	-0.0320799838769876
"Chr8"	21365592	21491499	-0.00933576825663022	0.0561314760536157
"Chr8"	21491501	21580253	0.336815422294219	0.129174150169288
"Chr8"	21580254	21686265	0.229212219833025	0.0956333722768545
"Chr8"	21686267	21918212	0.372024991182196	0.00877716971723598
"Chr8"	21918226	21979916	0.377317556947532	-0.0122570409867042
"Chr8"	21979919	22053204	0.180498027902366	0.00558701544912086
"Chr8"	22053206	22129079	0.198473947523185	-0.144272430214559
"Chr8"	22129082	22187824	0.329780974402681	0.223171052498783
"Chr8"	22187837	22270894	0.362235191101694	0.0704250200956534
"Chr8"	22270905	22348423	0.133448865828837	-0.19556059005453
"Chr8"	22348425	22444419	0.177205331746802	-0.0756451695383677
"Chr8"	22444441	22509125	-0.11806723259352	0.0855866033051524
"Chr8"	22509128	22587996	0.396414904801377	0.0228540168438929
"Chr8"	22588002	22666196	0.385184343857421	-0.0738766348819087
"Chr8"	22666201	22727035	0.387822680469285	-0.0646109279762293
"Chr8"	22727044	22810055	-0.112092434389449	0.0219462259949049
"Chr8"	22810065	22903029	0.367208360889515	0.262206301426033
"Chr8"	22903046	22978140	-0.0455015921683476	-0.136093383040832
"Chr8"	22978157	23078618	0.14974534305146	-0.0848818315087348
"Chr8"	23078623	23157370	0.328812476876798	-0.117845198619889
"Chr8"	23157372	23258063	0.343872289243908	0.032125569749061
"Chr8"	23258066	23391463	0.401373474542534	-0.133601036398283
"Chr8"	23391471	23466582	0.115042567015309	-0.127975911702704
"Chr8"	23466598	23564356	0.0160758741952646	-0.046270562798796
"Chr8"	23564374	23650062	0.0738427054082266	-0.207436626396522
"Chr8"	23650070	23776850	0.23788237196138	-0.115348776366068
"Chr8"	23776851	23856156	0.210134800357669	-0.102401872196744
"Chr8"	23856174	23923001	0.397424037054159	-0.0515951428244138
"Chr8"	23923007	24011385	-0.18566831856245	-0.170573714411819
"Chr8"	24011390	24099117	-0.207568526222138	-0.118108803539732
"Chr8"	24099119	24217512	-0.147029754905758	-0.155411585019392
"Chr8"	24217516	24278409	0.00147534571045275	-0.179145408242851
"Chr8"	24278431	24360712	-0.203825738463935	-0.0562000412435049
"Chr8"	24360713	24434161	-0.127216829961508	-0.0662619433085202
"Chr8"	24434163	24504760	0.156720784163969	-0.11030307878375
"Chr8"	24504774	24589966	0.388845361653821	0.154478529771685
"Chr8"	24589970	24663713	0.14496826697155	0.182093173740019
"Chr8"	24663722	24733433	-0.0118371055003566	0.0112010268463958
"Chr8"	24733442	24812734	-0.0180805848206537	-0.121401475846634
"Chr8"	24812743	24889043	0.057033585279939	-0.144887746526245
"Chr8"	24889051	24960522	0.148979937703835	-0.191278313919159
"Chr8"	24960548	25048027	0.400861157429345	-0.0768130369032359
"Chr8"	25048029	25144635	0.364599774387508	-0.14452371349241
"Chr8"	25144640	25226794	-0.00528810663688972	-0.202245878418829
"Chr8"	25226798	25299861	0.014431397521667	-0.197299829339123
"Chr8"	25299863	25376722	0.382514531418364	-0.100161108472578
"Chr8"	25376723	25456151	0.297942164989408	-0.180754306970426
"Chr8"	25456152	25570628	0.398435627746231	-0.117123975400717
"Chr8"	25570636	25638756	0.335059430187704	-0.180559595856653
"Chr8"	25638763	25710574	0.358529758300483	-0.168225498684056
"Chr8"	25710582	25816087	0.405029468994599	-0.0962498595724425
"Chr8"	25816099	25886935	0.279992641598504	-0.160342071007966
"Chr8"	25886936	25988957	0.190154952368484	-0.186563416571055
"Chr8"	25988959	26069901	-0.127199344666882	-0.0897306580313528
"Chr8"	26069904	26150349	0.165920081168029	-0.187550873635555
"Chr8"	26150352	26239002	-0.0203511462413902	-0.0115889604653191
"Chr8"	26239006	26382232	0.252943718850759	-0.137605939206512
"Chr8"	26382233	26460812	-0.0441596313474801	-0.100070754764865
"Chr8"	26460817	26554448	-0.179236251658354	0.0893982987904978
"Chr8"	26554456	26645081	-0.0904832110688526	0.116696337723596
"Chr8"	26645097	26744192	-0.197556935973996	-0.163315830029182
"Chr8"	26744197	26847173	-0.0857144638776044	0.0258243699153938
"Chr8"	26847189	26935675	-0.0645319474722073	-0.161361285467805
"Chr8"	26935676	27038464	0.0781108708254225	-0.164479809331942
"Chr8"	27038468	27132091	-0.0046738697108103	0.163902323653274
"Chr8"	27132092	27226648	0.114823381892057	-0.116436754013881
"Chr8"	27226653	27347414	0.137400947921167	-0.103850494956042
"Chr8"	27347415	27470442	-0.0581353675736296	-0.200809949216942
"Chr8"	27470446	27556169	-0.147206353331053	-0.0858322565668272
"Chr8"	27556187	27650468	0.0850287597222234	-0.169212501567973
"Chr8"	27650469	27738214	0.102050660682937	-0.07849497902963
"Chr8"	27738215	27827159	-0.180476715994956	0.0405758124284456
"Chr8"	27827164	27938690	-0.161488343452694	0.0410844194172612
"Chr8"	27938695	28162667	0.0423853169952788	0.183706564365108
"Chr8"	28162670	28245147	0.0569577352541486	0.0486300593587455
"Chr8"	28245148	28318603	0.0803964737145286	-0.186672171456551
"Chr8"	28318607	28400221	-0.0654138296391931	0.0569735237446027
"Chr8"	28400233	28484028	-0.0214312973450442	-0.0752156715674762
"Chr8"	28484032	28591190	-0.013779233136133	-0.00177457130632734
"Chr8"	28591208	28739738	0.288594311751831	-0.156796474851895
"Chr8"	28739787	28833377	-0.0454040035335333	-0.0585551026056996
"Chr8"	28833387	28891340	0.401189239737549	-0.147067576493531
"Chr8"	28891345	28994360	0.13316742179042	-0.142394136579483
"Chr8"	28994366	29099772	-0.00126636351755351	0.1708931581666
"Chr8"	29099777	29203780	-0.184961577653306	-0.0230580511495463
"Chr8"	29203783	29278116	0.0535537455659775	-0.165960053439263
"Chr8"	29278118	29348099	0.0857107387629933	0.0108340299101009
"Chr8"	29348126	29433872	0.0587595916791189	0.104862233435667
"Chr8"	29433873	29532918	-0.235971226061242	-0.0911814964298425
"Chr8"	29532919	29641805	-0.074315792871263	-0.111957450022661
"Chr8"	29641809	29735980	-0.19506563374218	-0.0413365116844601
"Chr8"	29735985	29830509	-0.0627074632532104	0.0959519657461813
"Chr8"	29830517	29932787	-0.163456327569623	0.0701425325345199
"Chr8"	29932790	30043220	-0.0901518503782831	0.125450700421215
"Chr8"	30043229	30154137	-0.0210216767135924	-0.183713436533065
"Chr8"	30154147	30263971	-0.189865507668893	-0.102800019457772
"Chr8"	30263983	30361039	0.0566871819876409	0.0948919374291771
"Chr8"	30361047	30449418	-0.0201436823161155	-0.0476186474697879
"Chr8"	30449419	30542363	-0.229745350714491	-0.208964730610293
"Chr8"	30542372	30646016	-0.0779308100116846	-0.110554047624474
"Chr8"	30646017	30745262	0.186042750469083	-0.0114424769991409
"Chr8"	30745263	30844330	-0.122375609407483	-0.160815678390871
"Chr8"	30844339	30940128	-0.0306661319140906	0.142384282614916
"Chr8"	30940140	31074850	-0.0940535929928132	0.23019698279348
"Chr8"	31074866	31177759	0.194128237189243	0.00560583119026837
"Chr8"	31177763	31268082	0.388385834261448	-0.0877995070602981
"Chr8"	31268083	31355254	0.109232746316536	-0.135625221018179
"Chr8"	31355255	31438547	-0.00423710604186846	0.208957135972515
"Chr8"	31438552	31524406	-0.0372370438971434	0.128325558518324
"Chr8"	31524410	31622732	-0.224365715103348	0.060016546029373
"Chr8"	31622733	31722419	-0.118849262464811	0.0840618959299646
"Chr8"	31722422	31827043	-0.143828096280944	0.114568157426883
"Chr8"	31827049	31930708	-0.0846796393369419	0.153938449234012
"Chr8"	31930709	32015370	0.0198146990827297	0.0780076406672548
"Chr8"	32015376	32118304	-0.20173656160443	0.0550190245374758
"Chr8"	32118338	32231335	-0.237304306673682	0.0245874684802406
"Chr8"	32231346	32327275	-0.199444935670179	-0.0713223436824044
"Chr8"	32327285	32473836	-0.0328092646647567	0.14693724951395
"Chr8"	32473840	32583162	0.0582890322884956	-0.097522837007642
"Chr8"	32583176	32688950	-0.112708307747624	0.107518086209348
"Chr8"	32688955	32797434	0.0983939066156584	0.149064864022971
"Chr8"	32797440	32895742	-0.0142981076222176	0.00608065484024473
"Chr8"	32895743	32991000	-0.0624331247067231	0.140961756233905
"Chr8"	32991002	33089356	-0.274067419690091	0.0215297173249843
"Chr8"	33089357	33193728	-0.185803945972078	0.132181187810211
"Chr8"	33193731	33285162	0.00287382703901251	0.0132171162785541
"Chr8"	33285173	33376607	-0.163221251005738	0.122635425270347
"Chr8"	33376608	33478118	-0.051451568809192	0.283833720022709
"Chr8"	33478123	33581396	-0.205551779897927	0.102258423477342
"Chr8"	33581397	33672216	-0.135578820545891	0.122162472188454
"Chr8"	33672218	33772172	-0.271153540103677	-0.0479473678100156
"Chr8"	33772173	33906473	-0.0634535055962945	-0.0179333407292406
"Chr8"	33906476	34021330	0.342020104408298	-0.0521867486269235
"Chr8"	34021336	34131474	0.0170722856226567	-0.170250446505256
"Chr8"	34131477	34232770	-0.134271851651916	0.114455610700463
"Chr8"	34232806	34339850	-0.253356787809368	-0.0266001796337621
"Chr8"	34339855	34450489	-0.207272531503264	-0.0282275468014444
"Chr8"	34450492	34565049	-0.19560080644337	-0.209221150534928
"Chr8"	34565055	34665889	-0.142188310904952	0.120260848697671
"Chr8"	34665893	34775061	-0.179745797693621	0.109607156813667
"Chr8"	34775085	34877836	-0.187975151296373	0.061020052781808
"Chr8"	34877885	34985700	-0.191271937325894	0.108715590769555
"Chr8"	34985701	35087038	0.0526577309140369	0.217129391851203
"Chr8"	35087061	35186034	-0.243991295941939	-0.0402861720824736
"Chr8"	35186035	35303768	-0.249674713425799	0.0255949193142441
"Chr8"	35303782	35411395	-0.261202022070617	-0.0677627394677295
"Chr8"	35411396	35519495	-0.212388520608701	-0.0496539744694009
"Chr8"	35519513	35629721	-0.141758943545509	-0.127016825356873
"Chr8"	35629741	35739549	-0.136329047666395	-0.0272388078347367
"Chr8"	35739552	35845929	-0.239565295644288	-0.0779587556778087
"Chr8"	35845958	35973282	-0.148073800673845	0.00892901681831956
"Chr8"	35973283	36074600	-0.208427270178398	-0.0377138388874048
"Chr8"	36074605	36199411	0.0875686833105985	0.0144659458381155
"Chr8"	36199460	36297643	0.272140187190942	0.195554954870467
"Chr8"	36297684	36416617	-0.190827137744808	-0.0143100556266888
"Chr8"	36416633	36528423	-0.174367988484926	-0.144320079276446
"Chr8"	36528444	36624690	-0.157501112577063	0.0732482876126847
"Chr8"	36624695	36732735	-0.311168324279052	-0.0480277453117612
"Chr8"	36732736	36837096	-0.261435857566529	-0.0476936941769438
"Chr8"	36837100	36943447	-0.100172594994019	0.0165358828476951
"Chr8"	36943450	37050824	0.0366033951232136	-0.0253267920310958
"Chr8"	37050905	37153760	-0.279387052989674	-0.107036952461641
"Chr8"	37153764	37251686	0.0686705405352661	-0.102924510411595
"Chr8"	37251691	37360333	-0.245519230607387	-0.0438894725028072
"Chr8"	37360340	37471585	-0.223925600185526	-0.168258835910119
"Chr8"	37471591	37572068	-0.21184555663472	0.00936830755991995
"Chr8"	37572098	37680510	-0.209239371632731	-0.124062802619772
"Chr8"	37680511	37786906	-0.0498575950263607	0.164875070122998
"Chr8"	37786909	37926856	-0.285244940752603	-0.00566336510986475
"Chr8"	37926885	38033759	-0.00355939312818289	-0.166738234558948
"Chr8"	38033782	38142779	-0.243120391057418	0.0465964629118768
"Chr8"	38142790	38246276	-0.304086274896492	-0.00578237809597245
"Chr8"	38246277	38364798	-0.231106498280389	0.0467425275223097
"Chr8"	38364802	38492448	-0.25895818762644	-0.0741110882229469
"Chr8"	38492462	38601860	-0.263679475253854	0.0467100136194705
"Chr8"	38601864	38703258	-0.122813325504421	0.125475190971309
"Chr8"	38703276	38816752	-0.138141981830894	0.176499618802942
"Chr8"	38816774	38922728	-0.19448766654178	0.00985057321044652
"Chr8"	38922783	39073008	-0.175656490581405	-0.0274727727114824
"Chr8"	39073041	39190697	-0.245751700766986	-0.0575276373974833
"Chr8"	39190716	39303471	-0.114249431659285	-0.0885618868471612
"Chr8"	39303494	39425595	-0.265318337413373	-0.04041449960067
"Chr8"	39425648	39546761	-0.0389135685148485	0.162672134480727
"Chr8"	39546778	39660625	-0.227663533272692	0.0593489409396888
"Chr8"	39660629	39756376	-0.227925194618768	0.0665294588940377
"Chr8"	39756397	39857768	-0.0882903109366278	0.053468469005447
"Chr8"	39857772	39969123	-0.231650300785923	-0.0942658015284547
"Chr8"	39969138	40070412	-0.163702234927325	-0.144126669822907
"Chr8"	40070416	40186794	-0.161407935471404	-0.0267399320906488
"Chr8"	40186807	40287872	-0.286503504813376	0.0308371510584788
"Chr8"	40287881	40399909	-0.0601695475077817	0.224255252822143
"Chr8"	40399934	40499423	-0.201337817770607	0.0896320091309034
"Chr8"	40499447	40604080	-0.241498894612713	0.0590755680806222
"Chr8"	40604083	40714490	-0.18942971415431	0.121142694505273
"Chr8"	40714502	40838228	-0.258045697430747	0.0621200026890317
"Chr8"	40838239	40952357	-0.178139955201025	0.150151406421813
"Chr8"	40952360	41070417	-0.105780716010375	0.165439447250225
"Chr8"	41070427	41182284	-0.140074968006457	0.20291334807116
"Chr8"	41182285	41289739	-0.164657721808793	0.169887885688922
"Chr8"	41289742	41398492	-0.091108340105912	0.211205439374659
"Chr8"	41398497	41510677	-0.19199930006506	0.118786353223405
"Chr8"	41510679	41611741	-0.195516050023477	0.0917463281694892
"Chr8"	41611782	41713698	-0.187627337471244	0.0857309629989872
"Chr8"	41713711	41825706	-0.123801200664207	-0.202408058639935
"Chr8"	41825722	41938889	-0.16604116737893	0.126963747637872
"Chr8"	41938897	42045387	-0.116202281723677	0.147105268484768
"Chr8"	42045400	42156947	-0.096036750678683	0.1424772188516
"Chr8"	42156948	42263963	-0.201137958645252	0.105779835671988
"Chr8"	42263966	42367637	-0.190944223479721	0.115428479393783
"Chr8"	42367663	42487822	-0.14778808908927	-0.0743109463853796
"Chr8"	42487844	42603514	-0.214312733641041	-0.0242160284034249
"Chr8"	42603515	42714521	-0.195467449829426	0.0713300122195099
"Chr8"	42714524	42829119	-0.0328243668151934	-0.180294329436341
"Chr8"	42829134	42938249	-0.127362095534585	-0.12494575717614
"Chr8"	42938251	43053652	-0.0508513129808884	0.01403398244867
"Chr8"	43053672	43163141	-0.258827907788223	0.0525911348991229
"Chr8"	43163187	43264383	-0.209605144761667	0.0956207534571291
"Chr8"	43264385	43372941	-0.228691321609932	0.0589071339357412
"Chr8"	43372944	43492331	-0.21975497988124	0.0797849679929417
"Chr8"	43492332	43610777	-0.150215202620857	0.00113406917866823
"Chr8"	43610784	43712863	0.00808570439727071	0.34398071127138
"Chr8"	43712880	43836355	0.0968625769494837	-0.183281165404434
"Chr8"	43836359	43958792	-0.0702396672708829	0.219390844342373
"Chr8"	43958797	44073389	-0.183950369207305	-0.00789887511675447
"Chr8"	44073399	44203296	-0.0699754426832696	0.0841594464898076
"Chr8"	44203299	44321475	0.127446556141296	0.0934468212746988
"Chr8"	44321476	44432897	-0.23225188052691	-0.0268760379147467
"Chr8"	44432903	44577161	0.206773456926254	-0.182390673144894
"Chr8"	44577164	44687680	-0.150597757441097	-0.169358117482518
"Chr8"	44687683	44805469	-0.319743148536001	-0.191528769589645
"Chr8"	44805476	44928407	-0.147715831705335	-0.126338432550152
"Chr8"	44928432	45067633	-0.197789530444387	0.0815668659838692
"Chr8"	45067638	45162892	-0.258008885120468	-0.000603386008586234
"Chr8"	45162896	45269570	-0.20180599913393	0.0542715778474562
"Chr8"	45269578	45387106	-0.276308197331886	0.0172092382618988
"Chr8"	45387126	45496769	-0.0454702283486218	0.187109228907295
